Job Title,Desired Skills,Education Requirements,Salary (INR),Industry Trends,Emerging Technologies
Data Scientist,"Python, R, Machine Learning, Statistics",Master's or PhD,"8,00,000 - 15,00,000","Big Data Analytics, AI Integration","Blockchain, IoT, Natural Language Processing"
Software Engineer,"Java, Python, SQL, AWS, Software Development",Bachelor's or higher,"6,00,000 - 12,00,000","Cloud Computing, DevOps, Microservices","Quantum Computing, AR/VR, Cybersecurity"
UX/UI Designer,"UX/UI Design, Adobe Creative Suite, Prototyping",Bachelor's or higher,"5,00,000 - 10,00,000","User-Centered Design, Responsive Web Design","Voice UI, AI-driven Design, Virtual Reality"
Digital Marketing Specialist,"SEO, SEM, Google Analytics, Content Marketing",Bachelor's or higher,"4,00,000 - 9,00,000","Content Marketing, Influencer Marketing","Chatbots, Marketing Automation, AI"
Cybersecurity Analyst,"Network Security, Penetration Testing, Security Tools",Bachelor's or higher,"6,00,000 - 13,00,000","Threat Intelligence, Zero Trust Architecture","AI-driven Security Solutions, Blockchain"
Data Engineer,"SQL, Python, ETL",Bachelor's or higher,"6,50,000 - 12,00,000","Data Warehousing, Data Lakes, Real-time Analytics","Edge Computing, DataOps"
Business Analyst,"Data Analysis, Business Process Modeling",Bachelor's or higher,"5,00,000 - 10,00,000","Business Intelligence, Process Automation","Predictive Analytics, AI"
Product Manager,"Product Management, Agile Methodology",Bachelor's or higher,"9,00,000 - 14,00,000","Product Lifecycle Management, Market Research","Augmented Reality, IoT"
Web Developer,"HTML, CSS, JavaScript, Responsive Design",Bachelor's or higher,"4,00,000 - 8,00,000","Web Development Trends, Cross-Platform Design","Progressive Web Apps (PWA), WebAssembly"
Mobile App Developer,"Swift, Kotlin, Android Studio",Bachelor's or higher,"5,00,000 - 10,00,000","Mobile App Development, User Experience","Augmented Reality, AI"
Cloud Architect,"AWS, Azure, Google Cloud Platform",Bachelor's or higher,"10,00,000 - 15,00,000","Cloud-native Architecture, Multi-cloud Strategy","Serverless Computing, Kubernetes"
AI/ML Engineer,"Machine Learning, Deep Learning, TensorFlow",Master's or PhD,"10,00,000 - 16,00,000","AI-driven Applications, Neural Network Optimization","Explainable AI, Federated Learning"
Robotics Engineer,"ROS, C/C++, Robotics Kinematics",Bachelor's or higher,"9,00,000 - 14,00,000","Autonomous Systems, Human-Robot Interaction","Bio-inspired Robotics, Soft Robotics"
Data Analyst,"SQL, Excel, Data Visualization",Bachelor's or higher,"4,00,000 - 8,00,000","Data-driven Decision Making, Business Intelligence","Data Storytelling, Automated Analysis"
UI/UX Developer,"UI/UX Design, Wireframing, Prototyping",Bachelor's or higher,"5,00,000 - 10,00,000","User Experience Design, Interaction Design","AI in Design, Virtual Reality"
Quality Assurance Engineer,"Test Automation, Software Testing methodologies",Bachelor's or higher,"4,00,000 - 8,00,000","Shift-left Testing, Test-driven Development","AI in Testing, Blockchain"
Full Stack Developer,"JavaScript, Node.js, React.js, MongoDB",Bachelor's or higher,"6,00,000 - 12,00,000","Web Development, Agile Methodologies","Serverless Computing, Progressive Web Apps (PWA)"
Frontend Developer,"HTML, CSS, JavaScript, React.js",Bachelor's or higher,"4,50,000 - 9,00,000","User Interface Design, Cross-platform Development","WebAssembly, Web Components"
Backend Developer,"Java, Python, Spring Boot, MySQL",Bachelor's or higher,"5,50,000 - 11,00,000","Microservices Architecture, RESTful APIs","GraphQL, Serverless Computing"
Network Engineer,"Cisco Networking, Routing and Switching",Bachelor's or higher,"5,50,000 - 10,00,000","Software-defined Networking, Network Security","SD-WAN, Zero Trust Architecture"
System Administrator,"Linux/Unix Administration, Shell Scripting",Bachelor's or higher,"4,50,000 - 9,00,000","Cloud Infrastructure, Automation","Containerization, Infrastructure as Code (IaC)"
UI/UX Designer,"User Interface Design, Wireframing",Bachelor's or higher,"4,00,000 - 8,00,000","Responsive Design, Mobile-first Design","Voice UI, AI-driven Design, Virtual Reality"
Content Writer,"Copywriting, Content Marketing",Bachelor's or higher,"3,00,000 - 6,00,000","SEO Optimization, Content Strategy","Natural Language Processing, SEO Automation"
Graphic Designer,"Adobe Creative Suite, Typography",Bachelor's or higher,"3,00,000 - 6,00,000","Visual Communication, Branding","Augmented Reality, 3D Design"
Sales Executive,"Sales, Negotiation Skills",Bachelor's or higher,"3,50,000 - 7,00,000","Relationship Selling, Sales Automation","CRM, Sales Analytics"
HR Manager,"Recruitment, Employee Relations",Bachelor's or higher,"6,00,000 - 12,00,000","Talent Management, Diversity & Inclusion","HR Analytics, AI-driven Recruitment"
Financial Analyst,"Financial Modeling, Data Analysis",Bachelor's or higher,"5,00,000 - 10,00,000","Investment Banking, Financial Planning","Fintech, Machine Learning"
Operations Manager,"Project Management, Supply Chain Management",Bachelor's or higher,"7,00,000 - 14,00,000","Lean Operations, Process Optimization","IoT in Operations, Predictive Analytics"
Customer Support Executive,"Communication Skills, Problem Solving",Bachelor's or higher,"3,00,000 - 6,00,000","Customer Experience, Omnichannel Support","AI-powered Chatbots, Customer Support Analytics"
Business Development Manager,"Sales, Lead Generation",Bachelor's or higher,"6,00,000 - 12,00,000","Market Expansion, Strategic Partnerships","CRM, Predictive Analytics"
Project Manager,"Project Management, Agile Methodologies",Bachelor's or higher,"8,00,000 - 15,00,000","Agile Project Management, Scrum","AI in Project Management, Blockchain"
Quality Assurance Analyst,"Test Automation, Software Testing methodologies",Bachelor's or higher,"4,00,000 - 8,00,000","Shift-left Testing, Test-driven Development","AI in Testing, Blockchain"
Technical Support Engineer,"Troubleshooting, ITIL Framework",Bachelor's or higher,"3,50,000 - 7,00,000","IT Service Management, Incident Management","Chatbots, Automation"
DevOps Engineer,"CI/CD, Docker, Kubernetes",Bachelor's or higher,"7,00,000 - 14,00,000","DevOps Culture, Infrastructure as Code (IaC)","GitOps, Infrastructure Automation"
Database Administrator,"SQL, Database Management Systems",Bachelor's or higher,"6,00,000 - 12,00,000","Data Security, Cloud Databases","NoSQL Databases, Data Encryption"
Technical Writer,"Technical Documentation, Writing Skills",Bachelor's or higher,"4,00,000 - 8,00,000","API Documentation, User Manuals","AI in Documentation, Natural Language Generation"
IT Business Analyst,"Requirement Gathering, Business Process Modeling",Bachelor's or higher,"6,00,000 - 12,00,000","System Analysis, Process Optimization","Data Analytics, Machine Learning"
Network Administrator,"LAN/WAN Setup, Network Troubleshooting",Bachelor's or higher,"5,00,000 - 10,00,000","Network Security, Software-defined Networking","IoT Security, SD-WAN"
System Analyst,"System Analysis, Software Development Lifecycle (SDLC)",Bachelor's or higher,"7,00,000 - 14,00,000","Requirements Analysis, Solution Design","AI-driven Systems, Process Automation"
IT Consultant,"IT Strategy, Business Process Improvement",Bachelor's or higher,"8,00,000 - 15,00,000","Digital Transformation, Cloud Migration","AI Consulting, IoT Integration"
Sales Manager,"Sales Leadership, Strategic Planning",Bachelor's or higher,"10,00,000 - 20,00,000","Sales Enablement, Account Management","Predictive Analytics, CRM Integration"
Marketing Manager,"Marketing Strategy, Brand Management",Bachelor's or higher,"10,00,000 - 20,00,000","Digital Marketing, Content Strategy","Marketing Automation, AI-driven Marketing"
Supply Chain Manager,"Supply Chain Optimization, Inventory Management",Bachelor's or higher,"8,00,000 - 15,00,000","Logistics Automation, Global Supply Chain","Blockchain, IoT in Supply Chain"
Human Resources Specialist,"Employee Relations, HR Policies",Bachelor's or higher,"5,00,000 - 10,00,000","Talent Acquisition, Performance Management","HR Analytics, AI-driven Recruitment"
Legal Counsel,"Contract Negotiation, Legal Compliance",LLB or higher,"10,00,000 - 20,00,000","Regulatory Compliance, Intellectual Property","Legal Tech, AI in Legal"
Environmental Engineer,"Environmental Impact Assessment, Sustainability",Bachelor's or higher,"6,00,000 - 12,00,000","Green Technologies, Waste Management","Renewable Energy, Smart Cities"
Data Entry Operator,"Typing Speed, Attention to Detail",High School Diploma,"2,00,000 - 4,00,000","Data Entry Automation, Remote Work","OCR, Data Entry Automation"
Technical Sales Engineer,"Technical Knowledge, Sales Skills",Bachelor's or higher,"6,00,000 - 12,00,000","Technical Sales, Product Demonstration","AI in Sales, CRM Integration"
IT Auditor,"IT Security, Risk Assessment",Bachelor's or higher,"8,00,000 - 15,00,000","IT Governance, Compliance Management","AI-driven Auditing, Blockchain"
UI/UX Researcher,"User Research, Usability Testing",Bachelor's or higher,"4,50,000 - 9,00,000","User-Centered Design, UX Testing","Eye Tracking, User Behavior Analysis"
Technical Trainer,"Training Delivery, Technical Knowledge",Bachelor's or higher,"5,00,000 - 10,00,000","Employee Training, Skill Development","E-Learning Platforms, Virtual Reality"
IT Support Specialist,"Technical Troubleshooting, Customer Service",Bachelor's or higher,"3,50,000 - 7,00,000","Helpdesk Support, Remote Assistance","AI in Customer Support, Remote Support"
Product Owner,"Product Management, Scrum Master",Bachelor's or higher,"8,00,000 - 15,00,000","Product Strategy, Agile Development","Product Roadmapping, Agile Metrics"
IT Security Analyst,"Information Security, Incident Response",Bachelor's or higher,"6,00,000 - 12,00,000","Cyber Threat Detection, Security Policies","Threat Intelligence, AI-driven Security Solutions"
IT Operations Manager,"IT Infrastructure Management, Team Leadership",Bachelor's or higher,"10,00,000 - 20,00,000","IT Service Management, Disaster Recovery","AI in IT Operations, Predictive Maintenance"
Content Manager,"Content Strategy, SEO Optimization",Bachelor's or higher,"6,00,000 - 12,00,000","Content Marketing, Content Curation","Content Personalization, AI in Content Creation"
Business Intelligence Analyst,"Data Analysis, BI Tools",Bachelor's or higher,"7,00,000 - 14,00,000","Data-driven Decision Making, Data Visualization","AI in Business Intelligence, Predictive Analytics"
Social Media Manager,"Social Media Marketing, Content Creation",Bachelor's or higher,"4,00,000 - 8,00,000","Influencer Marketing, Social Media Trends","Social Listening, AI-driven Marketing"
Event Manager,"Event Planning, Vendor Management",Bachelor's or higher,"5,00,000 - 10,00,000","Experiential Marketing, Event Technology","Virtual Events, Event Analytics"
Technical Architect,"System Design, Architecture Patterns",Bachelor's or higher,"10,00,000 - 20,00,000","Scalable Architectures, Cloud-native Design","Microservices Architecture, AI-driven Design"
Business Process Analyst,"Process Mapping, Business Process Improvement",Bachelor's or higher,"6,00,000 - 12,00,000","Business Process Optimization, BPM Tools","Process Automation, AI-driven Analysis"
Customer Success Manager,"Customer Relationship Management, Retention Strategies",Bachelor's or higher,"8,00,000 - 15,00,000","Customer Satisfaction, Account Management","Churn Prediction, AI-driven Support"
Cloud Solutions Architect,"AWS, Azure, GCP, Cloud Architecture",Bachelor's or higher,"12,00,000 - 20,00,000","Cloud Migration, Hybrid Cloud","Serverless Computing, Multi-cloud Management"
Business Development Executive,"Sales, Lead Generation, Communication Skills",Bachelor's or higher,"3,50,000 - 7,00,000","Market Expansion, Customer Acquisition","CRM, Sales Automation"
Accountant,"Accounting Software, Financial Reporting",Bachelor's or higher,"3,00,000 - 6,00,000","Compliance, Financial Analysis","AI in Accounting, Blockchain"
Operations Coordinator,"Project Management, Coordination Skills",Bachelor's or higher,"4,00,000 - 8,00,000","Process Optimization, Resource Allocation","Workflow Automation, Collaboration Tools"
Digital Content Creator,"Video Editing, Social Media Marketing",Bachelor's or higher,"3,00,000 - 6,00,000","Influencer Marketing, Content Creation","AI-driven Content Creation, Video Analytics"
Procurement Specialist,"Vendor Management, Negotiation Skills",Bachelor's or higher,"5,00,000 - 10,00,000","Supply Chain Optimization, Cost Reduction","AI in Procurement, Supplier Risk Management"
Financial Advisor,"Financial Planning, Investment Analysis",Bachelor's or higher,"6,00,000 - 12,00,000","Wealth Management, Retirement Planning","Robo-advisors, AI-driven Financial Planning"
Technical Illustrator,"Illustration Software, Technical Drawing",Bachelor's or higher,"3,50,000 - 7,00,000","Technical Documentation, Illustration","3D Modeling, Augmented Reality"
E-commerce Manager,"E-commerce Platforms, Digital Marketing",Bachelor's or higher,"5,00,000 - 10,00,000","Online Retail, Customer Experience","AI in E-commerce, Personalization"
Supply Chain Analyst,"Supply Chain Optimization, Data Analysis",Bachelor's or higher,"4,50,000 - 9,00,000","Demand Forecasting, Inventory Management","Predictive Analytics, Supply Chain Visibility"
Business Analyst,"Business Analysis, Requirements Gathering",Bachelor's or higher,"6,00,000 - 12,00,000","Process Improvement, Decision Support","Data Analytics, AI-driven Business Analysis"
Technical Recruiter,"Talent Acquisition, Candidate Sourcing",Bachelor's or higher,"4,00,000 - 8,00,000","HR Tech, Employer Branding","AI in Recruitment, Applicant Tracking Systems"
Instructional Designer,"Instructional Design, Learning Management Systems",Bachelor's or higher,"4,50,000 - 9,00,000","E-Learning, Training Development","Gamification, Personalized Learning Paths"
Market Research Analyst,"Market Research, Data Analysis",Bachelor's or higher,"4,00,000 - 8,00,000","Consumer Insights, Competitive Analysis","AI in Market Research, Predictive Analytics"
IT Project Coordinator,"Project Management, Coordination Skills",Bachelor's or higher,"4,00,000 - 8,00,000","Agile Methodologies, Stakeholder Management","Project Management Tools, Collaboration Platforms"
Mobile Product Manager,"Mobile App Development, Product Strategy",Bachelor's or higher,"8,00,000 - 15,00,000","Mobile UX/UI Design, App Monetization","AI-driven Product Optimization, App Analytics"
Data Entry Operator,"Typing Speed, Attention to Detail",High School Diploma,"2,00,000 - 4,00,000","Data Entry Automation, Remote Work","OCR, Data Entry Automation"
Technical Sales Engineer,"Technical Knowledge, Sales Skills",Bachelor's or higher,"6,00,000 - 12,00,000","Technical Sales, Product Demonstration","AI in Sales, CRM Integration"
IT Auditor,"IT Security, Risk Assessment",Bachelor's or higher,"8,00,000 - 15,00,000","IT Governance, Compliance Management","AI-driven Auditing, Blockchain"
UI/UX Researcher,"User Research, Usability Testing",Bachelor's or higher,"4,50,000 - 9,00,000","User-Centered Design, UX Testing","Eye Tracking, User Behavior Analysis"
Technical Trainer,"Training Delivery, Technical Knowledge",Bachelor's or higher,"5,00,000 - 10,00,000","Employee Training, Skill Development","E-Learning Platforms, Virtual Reality"
IT Support Specialist,"Technical Troubleshooting, Customer Service",Bachelor's or higher,"3,50,000 - 7,00,000","Helpdesk Support, Remote Assistance","AI in Customer Support, Remote Support"
Product Owner,"Product Management, Scrum Master",Bachelor's or higher,"8,00,000 - 15,00,000","Product Strategy, Agile Development","Product Roadmapping, Agile Metrics"
IT Security Analyst,"Information Security, Incident Response",Bachelor's or higher,"6,00,000 - 12,00,000","Cyber Threat Detection, Security Policies","Threat Intelligence, AI-driven Security Solutions"
IT Operations Manager,"IT Infrastructure Management, Team Leadership",Bachelor's or higher,"10,00,000 - 20,00,000","IT Service Management, Disaster Recovery","AI in IT Operations, Predictive Maintenance"
Content Manager,"Content Strategy, SEO Optimization",Bachelor's or higher,"6,00,000 - 12,00,000","Content Marketing, Content Curation","Content Personalization, AI in Content Creation"
Business Intelligence Analyst,"Data Analysis, BI Tools",Bachelor's or higher,"7,00,000 - 14,00,000","Data-driven Decision Making, Data Visualization","AI in Business Intelligence, Predictive Analytics"
Social Media Manager,"Social Media Marketing, Content Creation",Bachelor's or higher,"4,00,000 - 8,00,000","Influencer Marketing, Social Media Trends","Social Listening, AI-driven Marketing"
Event Manager,"Event Planning, Vendor Management",Bachelor's or higher,"5,00,000 - 10,00,000","Experiential Marketing, Event Technology","Virtual Events, Event Analytics"
Technical Architect,"System Design, Architecture Patterns",Bachelor's or higher,"10,00,000 - 20,00,000","Scalable Architectures, Cloud-native Design","Microservices Architecture, AI-driven Design"
Business Process Analyst,"Process Mapping, Business Process Improvement",Bachelor's or higher,"6,00,000 - 12,00,000","Business Process Optimization, BPM Tools","Process Automation, AI-driven Analysis"
Customer Success Manager,"Customer Relationship Management, Retention Strategies",Bachelor's or higher,"8,00,000 - 15,00,000","Customer Satisfaction, Account Management","Churn Prediction, AI-driven Support"
SEO Specialist,"SEO Optimization, Keyword Research",Bachelor's or higher,"3,50,000 - 7,00,000","Search Engine Algorithms, Content Optimization","AI-driven SEO, Voice Search"
Digital Analyst,"Web Analytics, Data Visualization",Bachelor's or higher,"4,50,000 - 9,00,000","Digital Marketing Analytics, User Behavior","Predictive Analytics, AI-driven Insights"
Cryptocurrency Analyst,"Blockchain Technology, Cryptocurrency Markets",Bachelor's or higher,"6,00,000 - 12,00,000","Crypto Trading, Decentralized Finance (DeFi)","Smart Contracts, Decentralized Exchanges"
Environmental Scientist,"Environmental Impact Assessment, Pollution Control",Bachelor's or higher,"5,50,000 - 11,00,000","Sustainable Development, Climate Change","Remote Sensing, Geographical Information Systems"
UX Researcher,"User Research, Ethnographic Studies",Bachelor's or higher,"4,50,000 - 9,00,000","Human-Centered Design, UX Testing","Eye Tracking, Usability Testing"
Data Governance Analyst,"Data Management, Compliance Management",Bachelor's or higher,"6,50,000 - 13,00,000","Data Quality Assurance, Regulatory Compliance","Data Privacy Solutions, Governance Frameworks"
Energy Analyst,"Energy Efficiency, Renewable Energy",Bachelor's or higher,"5,00,000 - 10,00,000","Energy Policy, Green Technologies","Smart Grids, Energy Storage"
Technical Illustrator,"Illustration Software, Technical Drawing",Bachelor's or higher,"3,50,000 - 7,00,000","Technical Documentation, Illustration","3D Modeling, Augmented Reality"
Robotics Technician,"Robotics Maintenance, Automation Systems",Diploma or higher,"3,00,000 - 6,00,000","Industrial Automation, Robotics Applications","Collaborative Robots, AI-driven Robotics"
GIS Specialist,"Geographic Information Systems, Spatial Analysis",Bachelor's or higher,"4,50,000 - 9,00,000","Geospatial Technology, Urban Planning","Remote Sensing, Lidar Technology"
Brand Strategist,"Brand Development, Marketing Strategy",Bachelor's or higher,"6,00,000 - 12,00,000","Brand Positioning, Consumer Insights","AI-driven Brand Analytics, Brand Monitoring"
Regulatory Affairs Specialist,"Regulatory Compliance, FDA Guidelines",Bachelor's or higher,"7,00,000 - 14,00,000","Pharmaceutical Regulation, Compliance","Regulatory Technology (RegTech), AI Compliance"
Urban Planner,"Urban Design, Zoning Regulations",Bachelor's or higher,"6,00,000 - 12,00,000","Smart Cities, Sustainable Urban Development","GIS Mapping, Urban Modeling"
Data Privacy Officer,"Data Protection Laws, Privacy Compliance",Bachelor's or higher,"8,00,000 - 15,00,000","GDPR Compliance, Privacy Policies","Privacy-enhancing Technologies, Blockchain"
Market Access Manager,"Market Access Strategy, Healthcare Economics",Bachelor's or higher,"8,00,000 - 15,00,000","Health Technology Assessment, Market Access","Value-based Healthcare, Health Economics"
Crisis Management Specialist,"Crisis Communication, Risk Assessment",Bachelor's or higher,"7,00,000 - 14,00,000","Crisis Response Planning, Reputation Management","AI-driven Risk Analysis, Crisis Simulation"
Data Journalist,"Data Analysis, Journalism Skills",Bachelor's or higher,"4,00,000 - 8,00,000","Data-driven Journalism, Data Visualization","Data Storytelling, Automated Reporting"
Bioinformatics Analyst,"Genomics, Computational Biology",Bachelor's or higher,"6,50,000 - 13,00,000","Precision Medicine, Biomedical Research","CRISPR, AI in Drug Discovery"
Localization Specialist,"Translation, Cultural Adaptation",Bachelor's or higher,"4,50,000 - 9,00,000","Globalization, Internationalization","Machine Translation, Natural Language Processing"
Ethical Hacker,"Penetration Testing, Network Security",Bachelor's or higher,"7,00,000 - 14,00,000","Cybersecurity, Vulnerability Assessment","Red Teaming, Threat Hunting"
Industrial Engineer,"Process Optimization, Lean Manufacturing",Bachelor's or higher,"6,00,000 - 12,00,000","Industrial Automation, Supply Chain Management","Digital Twins, Internet of Things (IoT)"
Financial Risk Analyst,"Risk Management, Financial Modeling",Bachelor's or higher,"7,00,000 - 14,00,000","Regulatory Compliance, Credit Risk Analysis","AI-driven Risk Assessment, Blockchain"
Telemedicine Specialist,"Telehealth Technology, Patient Care",Bachelor's or higher,"5,50,000 - 11,00,000","Remote Healthcare, Virtual Consultations","Telehealth Platforms, Remote Monitoring"
Cryptographer,"Cryptography, Mathematics",Bachelor's or higher,"8,00,000 - 15,00,000","Cryptography Research, Data Encryption","Homomorphic Encryption, Post-Quantum Cryptography"
Talent Acquisition Specialist,"Recruitment, Candidate Sourcing",Bachelor's or higher,"4,50,000 - 9,00,000","Talent Pipelining, Employer Branding","AI in Recruitment, Talent Analytics"
Regulatory Compliance Officer,"Compliance Management, Regulatory Guidelines",Bachelor's or higher,"6,50,000 - 13,00,000","Regulatory Compliance, Legal Compliance","RegTech Solutions, Compliance Automation"
Disaster Recovery Specialist,"Business Continuity Planning, Risk Assessment",Bachelor's or higher,"7,00,000 - 14,00,000","Disaster Recovery Planning, Crisis Management","Cloud Disaster Recovery, Backup Solutions"
Instructional Technologist,"Educational Technology, Instructional Design",Bachelor's or higher,"5,00,000 - 10,00,000","E-Learning Platforms, Digital Learning","Learning Analytics, Gamification"
Sustainability Consultant,"Environmental Policy, Sustainable Development",Bachelor's or higher,"6,50,000 - 13,00,000","Corporate Sustainability, Green Practices","Renewable Energy, Circular Economy"
Aviation Safety Inspector,"Aviation Regulations, Aircraft Maintenance",Bachelor's or higher,"8,00,000 - 15,00,000","Aviation Safety, Regulatory Compliance","Drone Technology, AI in Aviation"
Health Informatics Specialist,"Electronic Health Records, Health Data Analysis",Bachelor's or higher,"6,00,000 - 12,00,000","Healthcare Informatics, Data Interoperability","Health Information Exchange (HIE), AI in Healthcare"
Patent Analyst,"Intellectual Property, Patent Law",Bachelor's or higher,"5,50,000 - 11,00,000","Patent Research, Patentability Analysis","Patent Mining, AI-driven Patent Analysis"
Electrical Engineer,"Circuit Design, Power Systems",Bachelor's or higher,"4,50,000 - 9,00,000","Renewable Energy, Smart Grids","Power Electronics, Renewable Energy Systems"
Aerospace Engineer,"Aerodynamics, Avionics Systems",Bachelor's or higher,"7,00,000 - 14,00,000","Space Exploration, Drone Technology","Hypersonic Flight, Space Tourism"
Civil Engineer,"Structural Analysis, Construction Management",Bachelor's or higher,"5,50,000 - 11,00,000","Sustainable Infrastructure, Urban Planning","Building Information Modeling (BIM), Green Building"
Biomedical Engineer,"Medical Device Design, Bioinformatics",Bachelor's or higher,"6,00,000 - 12,00,000","Medical Technology, Biomechanics","Bioinformatics, Regenerative Medicine"
Chemical Engineer,"Process Optimization, Chemical Plant Design",Bachelor's or higher,"5,50,000 - 11,00,000","Sustainable Chemistry, Process Safety","Nanotechnology, Biochemical Engineering"
Industrial Engineer,"Lean Manufacturing, Supply Chain Optimization",Bachelor's or higher,"6,00,000 - 12,00,000","Industry 4.0, Smart Manufacturing","Digital Twins, Internet of Things (IoT)"
Environmental Engineer,"Environmental Impact Assessment, Pollution Control",Bachelor's or higher,"5,50,000 - 11,00,000","Sustainable Development, Climate Change","Water Treatment Technologies, Environmental Monitoring"
Materials Engineer,"Material Science, Metallurgy",Bachelor's or higher,"5,50,000 - 11,00,000","Advanced Materials, Nanotechnology","Biomaterials, Additive Manufacturing"
Nuclear Engineer,"Nuclear Reactor Design, Radiation Protection",Bachelor's or higher,"7,00,000 - 14,00,000","Nuclear Energy, Fusion Research","Small Modular Reactors, Nuclear Waste Management"
Robotics Engineer,"Robot Programming, Machine Learning",Bachelor's or higher,"6,50,000 - 13,00,000","Robotics Automation, AI Integration","Collaborative Robots, Autonomous Vehicles"
Petroleum Engineer,"Reservoir Engineering, Drilling Operations",Bachelor's or higher,"7,00,000 - 14,00,000","Oil and Gas Exploration, Enhanced Recovery","Digital Oilfields, Hydraulic Fracturing"
Mechatronics Engineer,"Control Systems, Embedded Systems",Bachelor's or higher,"6,00,000 - 12,00,000","Robotics Automation, IoT Integration","Cyber-Physical Systems, Wearable Technology"
Telecommunications Engineer,"Network Design, Wireless Communication",Bachelor's or higher,"6,50,000 - 13,00,000","5G Technology, Internet of Things (IoT)","Software-Defined Networking, Satellite Technology"
Automotive Engineer,"Automotive Design, Vehicle Dynamics",Bachelor's or higher,"6,50,000 - 13,00,000","Electric Vehicles, Autonomous Driving","Vehicle-to-Everything (V2X), Connected Cars"
